date,start,high,low,end,volume,foreign,person,company,wondollar
2020.3.25,48950,49600,47150,48650,52735922,-2751527,4980190,-1695448,1229.9
2020.3.24,43850,46950,43050,46950,49801908,2929769,-6174614,3254324,1249.6
2020.3.23,42600,43550,42400,42500,41701626,-8143293,10988297,-3248991,1266.5
2020.3.20,44150,45500,43550,45400,49730008,-5133212,3248749,1669124,1246.5
2020.3.19,46400,46650,42300,42950,56925513,-5807616,4105594,1612440,1285.7
2020.3.18,47750,48350,45600,45600,40152623,-1177328,6418923,-5663938,1245.7
2020.3.17,46900,49650,46700,47300,51218151,-11447924,8712684,2488584,1243.5
2020.3.16,50100,50900,48800,48900,33339821,-4384786,7252206,-3277723,1226
2020.3.13,47450,51600,46850,49950,59462933,-11895370,7471123,4036953,1219.3
2020.3.12,51000,51900,49300,50800,48149999,-9094728,5437858,3490945,1206.5
2020.3.11,54300,54400,52000,52100,45707281,-10348533,12724913,-2842894,1193
2020.3.10,53800,54900,53700,54600,32106554,-6462688,2174718,3891630,1193.2
2020.3.9,54700,55000,53600,54200,30261485,-9954094,9795988,-148308,1204.2
2020.3.6,56500,57200,56200,56500,18716656,-2754138,3650220,-993225,1192.3
2020.3.5,57600,58000,56700,57800,21698990,-2213979,3017154,-851793,1181.2
2020.3.4,54800,57600,54600,57400,24765728,3089603,-2076201,-1047440,1187.8
2020.3.3,56700,56900,55100,55400,30330295,-2497875,4090083,-1698368,1195.2
2020.3.2,54300,55500,53600,55000,30403412,-7032275,4709773,2215716,1193.7
2020.2.28,55000,55500,54200,54200,30054227,-5179418,2345834,2825029,1213.7
2020.2.27,56300,56900,55500,55900,23209541,-2961120,2982368,-110165,1217.2
2020.2.26,56000,57000,56000,56500,25483102,-7059273,6380747,505796,1216.9
2020.2.25,56200,58000,56200,57900,23885408,-4871940,3396681,1389642,1210.3
2020.2.24,57400,58100,56800,56800,25627537,-8498289,6775137,2612960,1220.2
2020.2.21,58800,59800,58500,59200,13777393,773385,1638065,-2388943,1209.2
2020.2.20,60700,61300,59600,60000,14591924,-192039,514660,-389665,1198.7
2020.2.19,59800,60400,59400,60200,12951496,-1904939,1157486,697276,1189.3
2020.2.18,60800,60900,59700,59800,16674266,-3855005,6264601,-2458387,1189.5
2020.2.17,61600,62000,61200,61500,8740596,-1181701,726781,471048,1183.9
2020.2.14,60900,61900,60200,61800,13276067,1994688,-2613398,699682,1183
2020.2.13,61200,61600,60500,60700,18449775,4247876,-2007797,-1916497,1182.8
2020.2.12,60300,60700,59700,60500,12904207,-993237,-497602,1516828,1179.5
2020.2.11,59800,60700,59700,59900,11071231,-1664357,-230864,1889247,1181.6
2020.2.10,59200,59800,59100,59700,13107121,-1696826,1879979,-263054,1187.1
2020.2.7,61100,61200,59700,60400,16402493,534484,1783202,-2436611,1186.5
2020.2.6,60100,61100,59700,61100,14727159,816472,-3350671,2483655,1179.8
2020.2.5,60000,60200,58900,59500,19278165,4061210,354825,-4459274,1191.5
2020.2.4,57100,59000,56800,58900,21800192,3620363,97644,-3797514,1187.4
2020.2.3,55500,57400,55200,57200,23995260,-1609630,535820,1076953,1195
2020.1.31,57800,58400,56400,56400,19749457,-3804250,2215461,1648681,1191.8
2020.1.30,58800,58800,56800,57200,20821939,-3663060,5472474,-2262500,1185
2020.1.29,59100,59700,58800,59100,16446102,476435,1974250,-2537821,1177.2
2020.1.28,59400,59400,58300,58800,23664541,-5330482,4134073,1057597,1176.7
2020.1.23,61800,61800,60700,60800,14916555,-2262365,4031573,-1906336,1168.7
2020.1.22,60500,62600,60400,62300,15339565,123499,-1731848,1649008,1164.6
2020.1.21,62000,62400,61200,61400,11142693,-905210,2003871,-1255045,1167
2020.1.20,62000,62800,61700,62400,12528855,-213817,-88665,222082,1158.1
2020.1.17,61900,62000,61000,61300,16025661,976840,164249,-1267549,1159.4
2020.1.16,59100,60700,59000,60700,14381774,1133703,-473041,-676031,1161.1
2020.1.15,59500,59600,58900,59000,14300928,-2979166,2663405,244147,1157
2020.1.14,60400,61000,59900,60000,16906295,333238,996924,-1666086,1156.1
2020.1.13,59600,60000,59100,60000,11359139,1419537,79282,-1512823,1156
2020.1.10,58800,59700,58300,59500,16000170,1622097,1338888,-2954194,1161.3
2020.1.9,58400,58600,57400,58600,24102579,3691511,-1239050,-2302970,1159.1
2020.1.8,56200,57400,55900,56800,23501171,4272673,-4130647,73413,1170.8
2020.1.7,55700,56400,55600,55800,10009778,-58613,-10139,51896,1166.4
2020.1.6,54900,55600,54600,55500,10278951,771595,418722,-1199654,1172.1
2020.1.3,56000,56600,54900,55500,15422255,1110317,1199681,-2228329,1167.1
2020.1.2,55500,56000,55000,55200,12993228,-555181,2756657,-2354766,1158.1
2019.12.30,56200,56600,55700,55800,8356767,-3149823,1263838,1863761,1156.4
2019.12.27,55700,56900,55500,56500,12313056,-1165391,538862,596470,1161.5
2019.12.26,54700,55400,54400,55400,9645034,-1067769,-2061870,2955575,1161.8
2019.12.24,55600,55700,54800,55000,11868463,-1018528,-298842,1390595,1163.9
2019.12.23,56100,56400,55100,55500,9839252,-240500,-815053,1045950,1164.3
2019.12.20,56100,56500,55600,56000,12095519,463023,-368611,-140870,1160.6
2019.12.19,57000,57300,55500,56000,14180520,1440375,-476069,-1060547,1165.6
2019.12.18,56700,57200,56000,56300,15558208,1881414,-129799,-1665838,1168.8
2019.12.17,55800,56700,55400,56700,19358433,6160703,-5417589,-312676,1166.2
2019.12.16,54500,54900,54300,54700,11512405,-53964,-2187984,2348450,1172.3
2019.12.13,54500,54800,53900,54700,18120261,5243340,-7078573,2462464,1171.7
2019.12.12,53000,53300,52700,53300,29178697,5581619,-6707860,1381791,1186.8
2019.12.11,51500,52200,51400,51900,11379521,464436,-1228603,777723,1194.7
2019.12.10,51000,51600,50700,51500,6882771,114994,-948453,824233,1191.3
2019.12.9,50900,51400,50700,51200,8470627,759836,-845052,113143,1189.9
2019.12.6,50100,50900,49950,50400,11414563,-571291,-763354,1286390,1189.6
2019.12.5,50200,50400,49500,49500,10449715,-398040,776271,-414244,1190.2
2019.12.4,49600,49850,49000,49450,13246549,-1744831,1498635,147190,1194.3
2019.12.3,49800,50300,49500,49900,12059812,-3428552,1684646,1706963,1187.2
2019.12.2,50900,51300,50400,50400,18877252,-2825972,435163,2406489,1183.1
2019.11.29,51200,51400,50200,50300,11179334,-2819438,2880336,-293759,1181.2
2019.11.28,51900,52100,51300,51300,6833885,-1629404,1060978,533122,1179
2019.11.27,51800,52300,51600,52200,7546261,-571908,-242734,809775,1177.2
2019.11.26,51900,52900,51800,51800,27372226,-7501924,484545,6971446,1176.7
2019.11.25,52200,52600,51700,51800,9050625,-2607860,176505,2435789,1176
2019.11.22,51000,51600,50900,51600,8478310,-1888762,-158730,2037321,1178.9
2019.11.21,51600,52100,50600,51000,14298646,-3518936,996022,2168946,1178.1
2019.11.20,53400,53400,52000,52000,12560070,-3013478,2449064,221794,1170.1
2019.11.19,53200,53500,52700,53500,8907177,79737,401575,-473677,1167.6
2019.11.18,53600,53800,53200,53500,7746554,-1177753,385561,698517,1164.5
2019.11.15,52900,53700,52600,53700,9703360,-124778,-3896926,4314078,1166.6
2019.11.14,51900,52800,51900,52800,12010018,-1360009,-161294,1515686,1169.7
2019.11.13,52500,52500,52000,52500,6225196,773528,364673,-1138340,1167.8
2019.11.12,51800,52600,51600,52600,6576148,93962,-389952,307275,1160.8
2019.11.11,52200,52200,51400,51600,8185952,-464780,542524,-148067,1166.8
2019.11.8,53200,53300,52000,52100,11603290,-1532485,1162809,298325,1157.5
2019.11.7,53400,53400,52400,52900,9257116,-586552,301614,218876,1159.3
2019.11.6,52900,53500,52700,53300,14361133,4220179,-1977815,-2225167,1156.9
2019.11.5,52400,52700,52100,52700,10581034,2402213,-1402671,-872188,1157.5
2019.11.4,51700,52300,51400,52300,13012411,1390269,-2906124,1908996,1159.2
2019.11.1,50600,51200,50400,51200,8467846,1511542,-474468,-961398,1165.6
2019.10.31,51000,51400,50300,50400,10304777,409915,-1065871,625812,1163.4
2019.10.30,50700,50800,50200,50400,8959435,228654,543801,-1001770,1168.1
2019.10.29,51400,51700,50800,51100,7581629,-946068,107674,733952,1163
2019.10.28,50700,51500,50700,51300,6431522,540045,-1368119,853686,1170.7
2019.10.25,50800,51200,50500,50900,7879897,-634706,-186409,799881,1173
2019.10.24,52500,52500,50500,50700,21185785,-1333913,371241,903966,1172.9
2019.10.23,51300,51500,50800,51200,8663880,1241369,-112552,-1144153,1172.4
2019.10.22,50800,51500,50700,51200,10898729,2060093,-4156830,2175308,1169.7
2019.10.21,49900,50400,49800,50300,4406531,-69595,-382697,449500,1172
2019.10.18,50300,50900,49650,49900,8483106,1466844,318724,-1851593,1181.5
2019.10.17,50500,50600,50100,50500,6701380,-143896,-355225,511280,1187
2019.10.16,50700,50900,50400,50700,9136282,927389,-1716930,784343,1187.8
2019.10.15,49900,50200,49900,50100,6058105,304464,-774645,471561,1185.2
2019.10.14,50000,50300,49850,50000,11130635,1670460,-3303821,1673566,1184.9
2019.10.11,49000,49450,48800,49150,7783275,1744379,-1824511,475476,1188.8
2019.10.10,48200,49200,48000,48550,18639855,809379,-168345,-552280,1196.2
2019.10.8,47900,49000,47600,48900,14239367,-200194,-1124317,1861520,1193.1
2019.10.7,48350,48700,47650,47750,7047273,-778127,319678,464244,1196.6
2019.10.4,47400,48650,47350,48000,9331695,-241768,-322822,568109,1196.8
2019.10.2,48350,48400,47600,47600,8382463,620358,1179885,-1845220,1206
2019.10.1,48900,49100,48650,48850,6206035,-1866205,437578,1431272,1199
2019.9.30,48050,49250,47900,49050,9497119,532147,-408684,-121214,1196.2
2019.9.27,48000,48700,48000,48400,8048041,720941,412299,-1111879,1199.9
2019.9.26,49000,49250,48900,49200,8494756,-113921,17795,86986,1198.8
2019.9.25,49200,49350,48800,48900,9187141,-1371264,-411143,1498119,1198.8
2019.9.24,49050,49650,48850,49500,7871955,-1086797,-1270318,2174363,1195.7
2019.9.23,49250,49300,49000,49300,7568553,50317,-597350,540202,1194
2019.9.20,49400,49600,49100,49200,15460210,362980,-2130469,1786314,1188
2019.9.19,48050,49200,47850,49150,16461413,4965068,-3399926,-1113536,1193.6
2019.9.18,46900,47700,46800,47700,10413027,2460693,-2487625,53904,1191.3
2019.9.17,47000,47100,46800,46900,7006280,-125894,-201116,-98968,1190.7
2019.9.16,47000,47100,46400,47100,15550926,-450815,-620689,635647,1183.1
2019.9.11,47300,47400,46800,47150,16141619,238334,-1924943,1774160,1191
2019.9.10,47100,47200,46550,47000,9231792,1354061,-1761860,433307,1193.3
2019.9.9,46450,47000,46300,46900,9434157,2194196,-1937467,-191743,1193
2019.9.6,46500,46500,45850,46300,9896562,2036926,-1907332,-67148,1196.9
2019.9.5,44800,46100,44450,45700,18297430,2673469,-4359267,1764816,1200.2
2019.9.4,43250,44100,43150,44100,12441837,-3794311,-105967,3876663,1208.2
2019.9.3,43550,43650,43100,43250,9774941,-3558723,2322888,1186819,1215.6
2019.9.2,44850,44850,43650,43800,7185537,-1607213,736262,792815,1210.8
2019.8.30,43750,44300,43750,44000,9899073,-1638837,-1119383,2718144,1211.2
2019.8.29,44200,44200,43050,43400,10768862,-1977727,1229470,707796,1216.4
2019.8.28,44100,44400,43750,44150,5758333,240685,-543186,307343,1213.9
2019.8.27,43650,44200,43600,44050,16883932,-954490,-1432368,2383483,1211.2
2019.8.26,43050,43800,42950,43600,7954949,-954079,323347,709629,1217.8
2019.8.23,43800,44200,43650,43950,5017381,-201506,-284975,473491,1210.6
2019.8.22,44500,44700,43850,44050,8061177,83369,430418,-525680,1207.4
2019.8.21,44350,44800,44150,44500,6571717,-535136,-156029,689126,1202.5
2019.8.20,43950,44600,43550,44450,8434205,1091496,-653313,-386132,1208.3
2019.8.19,44350,44350,43500,43600,6014218,-1816977,483849,1336296,1211
2019.8.16,43800,43900,43300,43900,9528115,-256683,-352536,539181,1210.8
2019.8.14,43900,44250,43500,43700,8750135,373481,-216414,-252601,1212.7
2019.8.13,43500,43500,42950,43000,7276979,-2648831,1173759,1470933,1222.2
2019.8.12,44000,44000,43550,43700,8466169,-145068,957809,-812647,1216.2
2019.8.9,43250,43350,43050,43150,9685147,-666519,1714413,-1057668,1210.5
2019.8.8,43250,43500,42650,42650,16926881,-2138833,3008395,-898852,1209.2
2019.8.7,43600,43900,43100,43200,10002533,-1778471,1169913,592639,1214.9
2019.8.6,42500,43800,42500,43500,15083824,-5832221,-738198,6632830,1215.3
2019.8.5,44350,44600,43600,43950,14214086,-4509488,-153464,4676255,1215.3
2019.8.2,44550,45500,44300,44950,12151374,-2149800,262391,1896190,1198
2019.8.1,44900,45500,44850,45200,7811181,-911932,292102,653331,1188.5
2019.7.31,46200,46600,45000,45350,12872916,-1415579,608692,835389,1183.1
2019.7.30,46300,46850,46300,46550,5551014,1454821,-464381,-980043,1181.6
2019.7.29,46800,47050,46000,46100,6856846,-1333705,-210594,1613580,1183.5
2019.7.26,46650,47150,46550,47150,7873886,1094850,-576479,-511171,1184.8
2019.7.25,47150,47200,46600,47200,8408838,3126221,-1711677,-1384305,1181.5
2019.7.24,47100,47150,46250,46400,8756522,740469,370516,-1058701,1177.9
2019.7.23,47350,47550,47050,47300,9061381,1720805,-2346894,684975,1178.9
2019.7.22,46800,47300,46600,47200,9009109,3971829,-2358903,-1589294,1178.3
2019.7.19,46650,46950,46600,46800,8819393,878582,-2560642,1739424,1174.5
2019.7.18,46450,46450,45650,46100,5143554,1049735,112688,-1143041,1178.8
2019.7.17,46150,46350,45950,46050,5216602,133622,-172405,44951,1181.3
2019.7.16,46450,46850,46300,46850,7407824,2558865,-2115779,-415971,1177.6
2019.7.15,45950,46650,45750,46450,4717226,964108,-802427,-158946,1179.3
2019.7.12,46350,46400,45800,46300,5245804,1008666,-614601,-389436,1179.2
2019.7.11,46350,46550,46150,46200,10989751,3950146,-2158453,-1863773,1173.5
2019.7.10,45550,46150,45500,45550,9253930,1836787,-1092767,-357567,1181.6
2019.7.9,44850,45450,44700,45100,7646421,1599143,-1128362,-410339,1180.5
2019.7.8,44750,44800,44350,44400,7823843,647229,-499962,-167698,1182
2019.7.5,45950,45950,45250,45650,7235395,563429,-303709,-228717,1170.4
2019.7.4,45250,46200,45250,46000,6365573,1369797,-809419,-536391,1168.6
2019.7.3,45750,46350,45200,45400,9669368,139531,-297476,180539,1171.3
2019.7.2,46200,46900,45850,46250,8463073,918847,-1078200,150976,1166
2019.7.1,47350,47400,46250,46600,11383522,1771241,-1534579,-76250,1158.8
2019.6.28,47000,47000,46700,47000,12949231,6243492,-4171907,-1937091,1154.7
2019.6.27,46000,46600,45750,46500,12603534,3895251,-4117748,266089,1158.1
2019.6.26,45800,46000,45600,45700,9226097,476966,-921066,438540,1156.6
2019.6.25,45200,45800,45200,45600,7076774,373020,-652091,262689,1156.2
2019.6.24,45200,45800,45200,45500,6085066,-726903,-305502,1052742,1156.5
2019.6.21,45750,45800,45200,45700,9454913,855850,-577279,-266729,1164
2019.6.20,44850,45500,44850,45500,7147785,194940,-892117,667690,1162.1
2019.6.19,45450,45450,45000,45350,10417690,2458452,-2742080,457835,1176.1
2019.6.18,43750,44500,43650,44350,7994928,616063,-716040,37652,1185.8
2019.6.17,43750,44050,43400,43900,11890424,-963789,33770,881893,1186.5
2019.6.14,43750,44150,43300,44000,9322873,537773,-322255,-203691,1185.3
2019.6.13,44200,44400,43400,43750,16906541,-247997,857505,-473234,1183.1
2019.6.12,44800,45050,44300,44600,8607439,-119209,-221896,361666,1182.6
2019.6.11,44800,45000,44550,44850,6664872,702445,-1099557,419625,1180.4
2019.6.10,44300,44850,44050,44800,8792182,1267788,-2176175,1122475,1185.2
2019.6.7,43600,44350,43450,44200,11683682,628908,-1249708,627336,1181.4
2019.6.5,44050,44200,43700,43900,12464135,-575273,-924648,1610751,1178.6
2019.6.4,43400,43700,43000,43450,9913497,-2296171,535603,1720050,1182.8
2019.6.3,42950,43900,42500,43800,15466580,3278618,-2018888,-1144420,1182.1
2019.5.31,42600,42800,42150,42500,11365999,440461,221646,-619930,1190.9
2019.5.30,42200,42700,42150,42550,11766018,1618949,-796168,-786857,1188.8
2019.5.29,41850,42100,41300,41800,14930618,-2043807,1542426,861355,1193.9
2019.5.28,42550,42950,42150,42550,24506881,-4570808,624530,3867735,1185.8
2019.5.27,42500,43000,42350,42650,8066669,-1336248,400111,939502,1184.5
2019.5.24,43800,43800,42400,42700,13966305,-4010898,1610624,2395517,1188.4
2019.5.23,43900,44000,43250,43850,12259006,3264084,-1422429,-1816229,1189.2
2019.5.22,43700,43800,42400,43500,11033339,1758966,-321294,-1499052,1192.8
2019.5.21,42600,43950,42350,43150,18812133,1898960,-966494,-1096752,1194
2019.5.20,41650,42100,41550,42000,15752397,1666789,-931674,-231513,1194.2
2019.5.17,41950,42050,40850,41200,13357951,-676000,1442817,-795588,1195.7
2019.5.16,42350,42400,41350,41550,13687828,-3524964,3183366,26318,1191.5
2019.5.15,42700,43050,42550,42550,7670185,-533913,905520,-611398,1188.6
2019.5.14,41300,43100,41300,42650,11563730,-2300411,598359,1578351,1189.4
2019.5.13,42500,43200,42350,42650,7635079,703554,426808,-1078227,1187.5
2019.5.10,42600,43450,42450,42900,14579512,-1955305,1652565,201245,1177
2019.5.9,43900,44250,42450,42450,23029718,-2136648,5366210,-3556441,1179.8
2019.5.8,44300,44850,44200,44250,10398754,-530849,1898053,-1335229,1169.4
2019.5.7,45250,45300,44400,44850,12014907,1513357,1271085,-2607527,1166.5
2019.5.3,45900,46050,45300,45300,6562916,711476,908272,-1733814,1170
2019.5.2,45500,46150,45400,45900,8625126,-457258,177911,211235,1165.7
2019.4.30,46000,46300,45350,45850,11121273,648861,-382544,-300524,1168.2
2019.4.29,45150,46150,45100,46150,8777517,1121149,-1799658,677291,1158.5
2019.4.26,44200,45000,43800,44850,9739982,456495,268548,-743255,1161
2019.4.25,44250,45000,44100,44650,10868965,-1288924,940660,354102,1160.5
2019.4.24,45400,45650,44150,44750,13299267,-262085,2626193,-2371650,1150.9
2019.4.23,45050,45500,45000,45200,6920566,-190400,740172,-530724,1141.8
2019.4.22,45400,45900,45100,45350,6006957,724944,94831,-734431,1141.5
2019.4.19,45750,46000,45250,45300,8479710,-2424472,1970828,288155,1136.9
2019.4.18,47200,47250,45500,45600,12808747,-2674670,2198558,196678,1136.9
2019.4.17,47300,47600,47000,47050,5513658,99073,-95522,9754,1134.8
2019.4.16,47400,47400,46800,47250,7730881,1607850,-624299,-1007523,1135.7
2019.4.15,47150,47500,47000,47050,8733019,1802483,-1256534,-555950,1133.1
2019.4.12,46050,46900,46000,46850,7668936,1953550,-762462,-1161347,1139.4
2019.4.11,46700,46800,46150,46250,13697399,1774696,466238,-2254821,1139.4
2019.4.10,46400,46700,46050,46700,11883995,-743604,-353453,1104954,1138.6
2019.4.9,46700,46950,46200,46650,6878761,1250125,-514596,-728589,1142.1
2019.4.8,47250,47250,46150,46650,8507909,1575725,-469813,-1100553,1144.7
2019.4.5,46950,47550,46600,46850,8546339,929493,-1513017,604594,1136.6
2019.4.4,46150,47100,46150,46950,12650168,2260957,-3463318,1237927,1136.3
2019.4.3,46750,46750,45800,46600,12436570,1615542,-2744839,1261509,1134.3
2019.4.2,45550,46100,45350,45750,9480688,3096971,-1219288,-1299833,1136.4
2019.4.1,45200,45450,44850,45050,7362129,213897,-566169,383701,1133.7
2019.3.29,44500,44900,44200,44650,11491713,-1001009,641079,325024,1135.1
2019.3.28,44950,45200,44300,44850,6821306,1054828,-175314,-864538,1136.8
2019.3.27,44750,45600,44250,45350,9568081,-518821,-465824,1031230,1134.5
2019.3.26,45500,45700,44900,45250,9729811,1147054,140470,-1332399,1133.4
2019.3.25,45300,45650,44800,45500,8699728,249820,211323,-1029563,1134.2
2019.3.22,46850,47000,46250,46550,12535911,2470794,-1320876,-1345620,1130.1
2019.3.21,44600,46250,44050,45850,21138016,4270641,-5128068,880396,1127.7
2019.3.20,43800,44200,43100,44050,9846242,-1069632,430082,671932,1130.4
2019.3.19,43750,43900,43550,43900,7609563,517852,118205,-622476,1130.6
2019.3.18,43950,44150,43450,43700,8188876,-2883579,1449215,1360557,1132.1
2019.3.15,43800,44250,43700,44200,16814163,-3487775,-289448,3770225,1137.3
2019.3.14,43700,44300,43550,43850,18039161,-1448058,1285942,149635,1134.8
2019.3.13,44250,44450,43700,43850,8108343,-185587,1146344,-951079,1132.6
2019.3.12,44300,44950,44150,44650,11431977,1233634,-1728664,1578922,1129.8
2019.3.11,44400,44450,43650,43650,10717408,-1392870,303488,1050428,1133.7
2019.3.8,44450,44800,43800,43800,7729069,-725255,572103,208038,1136.2
2019.3.7,43400,44950,43400,44450,11049749,15765,-129244,120965,1129
2019.3.6,44000,44300,43700,44000,10202544,453282,-9654,-764631,1128.8
2019.3.5,44600,45100,44150,44250,10612405,-1115839,960898,146174,1125.5
2019.3.4,46000,46100,44800,44850,12926539,-2076396,929385,1011756,1124.9
2019.2.28,46400,46500,45100,45100,23569321,-1950518,1842714,110319,1124.7
2019.2.27,47000,47250,46750,46750,8045211,97060,-189619,-12701,1119.1
2019.2.26,47350,47450,46500,46750,7985547,581536,631889,-1218213,1118.6
2019.2.25,47400,47550,47050,47350,7484716,1416358,-1315790,-49711,1121
2019.2.22,46500,47150,46450,47150,6895772,665693,-801380,36298,1125.2
2019.2.21,46500,47200,46200,46950,8694009,1758751,-297398,-1524872,1125.2
2019.2.20,46750,47100,46500,46900,11506720,3108157,-2449978,-625260,1123.5
2019.2.19,45850,46150,45450,45950,6741395,-620178,198210,421849,1128.2
2019.2.18,46500,46850,45850,46200,8183728,-511049,11919,506965,1125.8
2019.2.15,46750,46850,45650,46050,10554643,-1307469,2013949,-842805,1128.7
2019.2.14,46600,47500,46150,47500,17259341,3067580,-4184531,977302,1125.1
2019.2.13,46400,46700,46000,46200,11299738,183553,-789224,591933,1121.7
2019.2.12,44650,46250,44650,46050,13184367,1879096,-1554611,-343372,1123.9
2019.2.11,44500,45000,44250,45000,11125044,463678,-410161,-46886,1124.7
2019.2.8,45700,45700,44650,44800,12689196,-1338132,769108,680004,1123.9
2019.2.7,46800,47100,46200,46200,15872001,1420917,-104471,-1253036,1124.1
2019.2.1,46650,46950,46250,46350,13832454,2973755,-1739435,-1177459,1118.8
2019.1.31,46650,47050,46150,46150,21621145,5634958,-2179479,-3405576,1112.7
2019.1.30,44800,46400,44800,46400,17505980,4247073,-3530947,-572520,1116.3
2019.1.29,45050,45500,44350,45500,16215017,4132109,-1810339,-2025661,1116.5
2019.1.28,45000,45500,44600,45050,17998914,7670066,-3074159,-4322337,1117.7
2019.1.25,44300,44750,43750,44750,22789395,8832573,-6473008,-1966229,1121.3
2019.1.24,43050,43100,42350,43050,14747623,4872958,-2557925,-2295297,1128.6
2019.1.23,41350,42250,41350,42000,11071079,-2145422,-211561,2379981,1127.3
2019.1.22,42750,42850,41850,42150,9964356,368186,-391176,44175,1130.5
2019.1.21,42700,42750,41900,42750,11355701,1679273,-1724424,80532,1128.1
2019.1.18,42000,42400,41950,42300,11029256,1435044,-1425635,39044,1121.9
2019.1.17,41700,42100,41450,41950,11736903,3120514,-2231874,-834704,1122.5
2019.1.16,41150,41450,40700,41450,8491595,1389496,-901114,-478720,1120.1
2019.1.15,40050,41100,39850,41100,11492756,1350908,-2065409,736080,1120.7
2019.1.14,40450,40700,39850,40050,11984996,1551370,336822,-2023616,1123
2019.1.11,40350,40550,39950,40500,11661063,2376948,-2384513,-626837,1116.4
2019.1.10,40000,40150,39600,39800,14731699,3660284,-1056057,-2554908,1118.3
2019.1.9,38650,39600,38300,39600,17452708,2948130,-2992379,35641,1122.1
2019.1.8,38000,39200,37950,38100,12756554,-1254491,-124285,1334263,1124.1
2019.1.7,38000,38900,37800,38750,12748997,1724464,-1441889,-270253,1118.6
2019.1.4,37450,37600,36850,37450,14108958,-1516919,539132,895904,1124.5
2019.1.3,38300,38550,37450,37600,12471493,253560,1619698,-1851235,1127.7
2019.1.2,39400,39400,38550,38750,7847664,1281949,-716580,-545197,1119
2018.12.28,38250,38900,38200,38700,9900267,2789526,-1072816,-1650812,1115.7
2018.12.27,38700,38800,38100,38250,10510643,1668604,2021532,-3775972,1120
2018.12.26,38400,38750,38300,38350,12707675,925205,-1897752,1166026,1125.4
2018.12.24,38500,39050,38300,38800,9729530,1458007,-2529546,1094387,1125.2
2018.12.21,38200,38650,38100,38650,14947080,-2522448,170688,2993918,1122.4
2018.12.20,38600,39100,38500,38650,11937617,-594746,324721,306859,1127.8
2018.12.19,38900,39350,38850,39100,9942037,-533833,-319951,988607,1123.5
2018.12.18,38300,39200,38300,38900,11042101,-1340887,-513462,1816691,1129.6
2018.12.17,38650,39600,38650,39150,11532968,682277,-1545209,1399712,1131.3
2018.12.14,40200,40200,38700,38950,19671783,-170396,2383162,-2268536,1130.8
2018.12.13,40650,40750,40000,40000,26254646,1120043,2183406,-3307941,1123.4
2018.12.12,40250,40700,40150,40450,12024279,-1410534,859132,626393,1128.5
2018.12.11,40600,40700,40200,40250,10638766,375649,213046,-606101,1130.1
2018.12.10,40450,40650,40000,40200,14892263,-2825962,1817928,941169,1126.5
2018.12.7,40900,41400,40850,40950,11433083,247117,143162,-384536,1119.8
2018.12.6,40600,41100,40450,40500,14251826,-5232844,4458973,780991,1120.3
2018.12.5,40900,41750,40850,41450,12631983,-4642168,2833784,1769825,1114.1
2018.12.4,42650,42900,41900,42150,14347746,-2251862,3966773,-1776934,1105.3
2018.12.3,42750,43400,42400,43250,12110702,3417910,-2322849,-1025629,1110.7
2018.11.30,43450,44000,41750,41850,19775519,-1729397,3532824,-1829036,1121.2
2018.11.29,43850,43850,42900,43150,8473511,160760,-172068,-8314,1119.2
2018.11.28,42800,43200,42750,43150,6943099,-376997,-332647,717269,1126.5
2018.11.27,42900,43100,42500,43050,8367091,1208410,-310325,-884591,1129.4
2018.11.26,42150,42800,42100,42600,6613009,-1725167,-416023,2181935,1128.9
2018.11.23,42450,42600,41900,42400,5192638,391557,262035,-555988,1130.5
2018.11.22,42000,42650,42000,42450,5970796,20321,-528151,669522,1129.2
2018.11.21,41800,42300,41800,42100,10769589,-3014440,1540087,1732590,1131.6
2018.11.20,42450,43000,42100,42800,9420664,-1714854,653805,1139396,1125.8
2018.11.19,44050,44250,43450,43650,7538720,-410543,212629,389064,1128.6
2018.11.16,44600,44750,43700,44000,7777124,140260,316356,-466955,1128.5
2018.11.15,44050,44350,43500,44250,5864067,-459456,-146662,633166,1129.2
2018.11.14,44500,44500,43800,44100,6783344,-528510,83248,395110,1134.3
2018.11.13,43900,44500,43400,44500,9311126,-1892171,489161,1408316,1133.3
2018.11.12,43850,45250,43700,45200,8552566,1863507,-2842569,1058406,1133.9
2018.11.9,44450,44850,43900,44300,7318500,896660,-205959,-695425,1128.3
2018.11.8,44900,45050,44050,44050,12617397,1287079,-548186,-735490,1117.3
2018.11.7,43600,44500,43400,44000,11553998,590267,-1859806,1320324,1123.3
2018.11.6,43750,43800,42950,43750,7713625,344145,89902,-435917,1123.8
2018.11.5,43750,43800,42900,43800,9426777,1780235,214624,-1996695,1123.5
2018.11.2,43050,44250,42800,44150,16517112,3341737,-2352194,-978915,1121.6
2018.11.1,42450,42950,42150,42150,13423132,1481284,571734,-2058884,1138.1
2018.10.31,42900,43350,41700,42400,17621480,771096,1675057,-2462736,1139.6
2018.10.30,41400,43000,41000,42350,14205190,-1326475,-1359669,2678505,1139.2
2018.10.29,40850,41950,40550,41400,14460521,-1808061,-2507739,4359252,1141.4
2018.10.26,41100,41300,40400,41000,14413864,-1792784,275942,1510898,1141.9
2018.10.25,40600,41550,40550,41000,19338170,-6613551,1350516,5246328,1138
2018.10.24,43050,43100,42250,42550,13522825,-3417756,-576817,4017269,1132.3
2018.10.23,43300,43450,42550,43050,9531231,-1307041,1345686,-155788,1137.6
2018.10.22,43450,43950,43200,43550,8357648,-622153,400057,249017,1128.4
2018.10.19,43900,44150,43450,43900,7842520,-1278687,690296,577241,1132.1
2018.10.18,43950,44450,43700,44050,8347725,1559448,-211934,-1360534,1135.2
2018.10.17,44150,44500,44000,44150,8306193,509970,-569877,78141,1126.5
2018.10.16,43700,44150,43350,43600,6825677,119843,568519,-695783,1128
2018.10.15,44050,44050,43350,43800,7434522,572969,875313,-1460858,1134.3
2018.10.12,43200,44650,43200,44000,12640906,1376616,-898566,-583657,1131.4
2018.10.11,44000,44650,43100,43100,19324537,-6191032,4013921,2127126,1144.4
2018.10.10,45250,45500,44500,45300,10341349,367470,-1139009,805478,1134
2018.10.8,44200,45200,44200,44950,6759464,-98333,-161343,258139,1132.7
2018.10.5,44800,45500,44550,44700,10544165,-2418681,2022437,417896,1130.4
2018.10.4,45150,45600,44700,44700,11865327,-4363509,3027882,1339527,1129.9
2018.10.2,46450,46700,45700,45700,6607188,-141673,580979,-449070,1119.2
2018.10.1,46450,46800,45800,46350,6354983,403426,373221,-809728,1111.8
2018.9.28,47250,47250,46300,46450,11270515,-1519480,618885,920407,1109.3
2018.9.27,46950,47500,46450,47500,15804586,2001450,-718423,-1257388,1112.5
2018.9.21,46550,47550,46550,47400,14476906,766489,-744514,25911,1115.3
2018.9.20,46850,47600,46400,47250,13536966,4997788,-4638681,-310031,1120.4
2018.9.19,46000,46200,45700,46150,9367454,2211521,-1824060,-382583,1121.1
2018.9.18,44950,45900,44700,45500,9987090,1055161,-897702,-152329,1123.2
2018.9.17,45550,45800,44900,45150,8123384,647822,1196873,-1901413,1126.6
2018.9.14,45000,45850,44900,45850,12446344,2670706,-3211477,576335,1116.6
2018.9.13,44550,44750,44000,44050,18277942,-6923274,4050036,2873555,1122.4
2018.9.12,44900,45100,44500,44550,12995269,-3542869,2245354,1280568,1128.6
2018.9.11,45550,45900,45050,45050,9865790,-274098,423641,-187125,1125.3
2018.9.10,45450,45550,45000,45500,9979838,1729578,-239844,-1461569,1128.4
2018.9.7,44500,45200,44400,44900,18285508,-7861200,5939120,1883941,1122.8
2018.9.6,46200,46400,45800,46100,9040553,-1325945,1026070,259891,1124
2018.9.5,47300,47450,46400,46600,9139998,1745,1184413,-1188043,1121.5
2018.9.4,47550,47800,47200,47650,6791255,469847,5690,-491897,1114.9
2018.9.3,48200,48300,47300,47450,8595084,-1750666,1165161,591037,1110.3
2018.8.31,47100,48450,47000,48450,13577454,3259115,-2975195,-247271,1112.9
2018.8.30,46950,47950,46700,47650,12193231,4925648,-3344490,-1490979,1108.6
2018.8.29,46750,46800,46400,46800,5572374,1410127,-1130285,-239143,1110.2
2018.8.28,46800,46950,46300,46550,7365976,1045618,-648116,-303513,1110
2018.8.27,46100,46550,46000,46300,5263782,920533,-528701,-430297,1113.8
2018.8.24,45900,46400,45550,46150,6582535,759168,-409314,-378222,1118.9
2018.8.23,46150,46200,45700,46200,6730918,777965,-286846,-480485,1121.4
2018.8.22,45150,46200,44900,46100,11641656,3565950,-2069958,-1506140,1118.9
2018.8.21,43700,44900,43700,44800,9520270,-179809,-490099,656100,1118.4
2018.8.20,43500,44200,43500,43850,7289124,-1257673,1084679,215106,1123.1
2018.8.17,44050,44400,44050,44100,6808747,424932,1114499,-1510599,1124.9
2018.8.16,43800,44650,43700,44250,10088229,-1820539,1618279,180682,1130.1
2018.8.14,44850,45400,44850,45150,6409259,181822,-377735,265249,1127.9
2018.8.13,44950,45100,44650,45050,9803831,-596295,214234,368891,1133.9
2018.8.10,46150,46400,44850,45400,16670643,-1439825,5587500,-4204792,1128.9
2018.8.9,47000,47050,46450,46900,12010886,-2095059,-181264,2295371,1117.2
2018.8.8,47000,47000,46550,46800,6429338,1249339,-306698,-909721,1119.9
2018.8.7,46300,46750,45900,46700,9058174,2234436,-1226872,-1043219,1123.8
2018.8.6,46150,46150,45750,45800,6771979,1677733,-927308,-781180,1124
2018.8.3,45850,45900,45450,45750,8274944,1797,956597,-954176,1127.6
2018.8.2,46550,46800,45500,45550,8560924,-335326,2362475,-2068770,1126.1
2018.8.1,46050,46850,46050,46550,7484499,936573,-353291,-548766,1120.6
2018.7.31,46200,46450,46000,46250,8033607,-1127172,696111,393799,1118.7
2018.7.30,46550,46800,46350,46500,5723035,165794,797996,-979604,1120.2
2018.7.27,46450,47000,46450,46900,4762460,-364828,-239247,570916,1118.1
2018.7.26,46100,47000,46000,46900,7374946,1022786,-1283606,305422,1119.3
2018.7.25,46250,46550,45900,46150,7222471,-1183183,-287451,1527920,1126.3
2018.7.24,46350,46600,45950,46150,8261363,-872936,-328081,1228055,1135.2
2018.7.23,47100,47200,46150,46500,10823782,-986608,-292959,1377689,1131.4
2018.7.20,47000,47600,46700,47450,10474547,1231358,-2222522,1060173,1133.7
2018.7.19,47050,47200,46600,46900,9880128,701776,-1523285,821452,1133.2
2018.7.18,46700,47200,46450,46550,10952645,1885501,-1257603,-634474,1132.3
2018.7.17,46150,46200,45600,45850,8892953,-1027951,442234,467924,1124.1
2018.7.16,46800,46800,46000,46050,7678719,-794464,1372886,-612802,1129.2
2018.7.13,45800,46500,45750,46500,11543389,307116,-626074,501088,1123.5
2018.7.12,45900,46250,45450,45500,11828104,-272784,769909,-455559,1125.9
2018.7.11,46400,46450,45400,46000,11224077,641550,478158,-1072892,1120
2018.7.10,46200,46550,46100,46300,10528665,965473,-357316,-566603,1116
2018.7.9,45500,46100,45200,45600,11602464,-420275,-766726,1297075,1112.2
2018.7.6,45500,45850,44650,44900,17843706,-4843017,4932277,-247459,1115.9
2018.7.5,46100,46550,45600,45950,7039773,-1288799,736942,541984,1118.6
2018.7.4,46700,47050,46050,46250,8776763,274860,-161092,-100029,1114.5
2018.7.3,45750,46450,45750,46150,10959655,843897,-706164,-47120,1118.7
2018.7.2,46500,47150,45500,45550,13112253,-1233505,1513353,-386802,1120
2018.6.29,46250,47150,46200,46650,14099635,397899,874750,-1372038,1114.5
2018.6.28,46850,47150,46600,46800,12784800,-3105750,2341262,764241,1124.2
2018.6.27,47450,48500,47000,47950,15274752,2006398,-1526298,-486406,1117.6
2018.6.26,45900,47300,45900,47000,11223166,-1382510,-652123,2042042,1114.8
2018.6.25,47050,47050,46150,46650,10587711,-1090590,1107614,-46631,1117.2
2018.6.22,47000,47250,46200,47250,10298006,-603714,920245,-392974,1107.4
2018.6.21,47900,47900,47050,47050,10015541,-157067,1322950,-1251387,1112.8
2018.6.20,47450,47600,46850,47000,12959316,-1358594,1054648,224445,1105.1
2018.6.19,47200,47350,46500,47000,15217971,-700113,-400793,1060321,1109.1
2018.6.18,47600,47650,46200,46600,16661870,-4090572,1481911,2764748,1104.8
2018.6.15,48500,48700,47650,47650,17080892,-5045243,3611111,1424010,1097.7
2018.6.14,49000,49000,48200,48200,20971729,-6783692,5560679,990562,1083.1
2018.6.12,49700,49800,49250,49400,12110569,-1685960,2198271,-606408,1077.2
2018.6.11,49750,50300,49350,49900,10571312,-1599662,875722,706218,1075.2
2018.6.8,50200,50400,49600,49650,16951706,-1786664,7356977,-5642790,1075.9
2018.6.7,51800,51800,50500,50600,13590016,-809698,1695867,-913940,1069
2018.6.5,51100,51400,50400,51300,9144100,1080165,-127044,-962124,1070.7
2018.6.4,50800,51200,50700,51100,9767171,1069927,-616998,-439052,1071.9
2018.6.1,50500,51700,49950,51300,13038499,2318703,-1778717,-540644,1075
2018.5.31,50400,50800,49850,50700,63491109,23134869,406455,-23615581,1077.7
2018.5.30,51300,51500,49100,49500,20498098,-4666036,8279229,-3692779,1080.9
2018.5.29,52200,52500,51300,51300,8480437,-326821,1511572,-1278312,1076.8
2018.5.28,52500,53000,52000,52300,9787820,64259,-391647,310922,1074.2
2018.5.25,51000,52800,50800,52700,15207266,4195935,-4850610,743664,1078
2018.5.24,52000,52000,51100,51400,8289275,88853,610552,-1620133,1079.6
2018.5.23,50600,52000,50400,51800,17095490,867167,-1694629,532182,1080.7
2018.5.21,49650,50200,49100,50000,9020998,219443,-702126,356815,1085.4
2018.5.18,49900,49900,49350,49500,6706570,-552339,422922,112622,1077.6
2018.5.17,50300,50500,49400,49400,10365440,-2350567,1566167,751607,1081.2
2018.5.16,49200,50200,49150,49850,15918683,1558478,-1359291,1329444,1077.6
2018.5.15,50200,50400,49100,49200,18709146,-1275457,3030319,-1856711,1073.8
2018.5.14,51000,51100,49900,50100,14909272,-2083231,3101133,-990390,1068
2018.5.11,52000,52200,51200,51300,10314997,554483,-45114,-495810,1069.3
2018.5.10,51700,51700,50600,51600,13905263,-642042,454294,224160,1073.1
2018.5.9,52600,52800,50900,50900,16128305,-2155947,3312625,-1198028,1080.9
2018.5.8,52600,53200,51900,52600,23104720,1939504,-957475,-1049663,1076.5
2018.5.4,53000,53900,51800,51900,39565391,-1011015,12462154,-11260560,1077.2
2018.4.27,53380,53640,52440,53000,30310800,-45018,110350,-74209,1076.6
2018.4.26,50420,52160,50400,52140,18046550,-6452,24453,-21191,1080.9
2018.4.25,49220,50500,49220,50400,16614600,-168927,154435,11595,1080.6
2018.4.24,51840,51860,50080,50460,15770300,-101171,94967,-2788,1076.8
2018.4.23,51000,52080,51000,51900,11619000,-38838,19990,14013,1069
2018.4.20,51800,52260,51420,51620,11761000,-74048,43519,26050,1067.3
2018.4.19,52000,52980,51540,52780,17190550,77220,-67866,-13120,1061.5
2018.4.18,51000,51360,50580,51360,13462600,70282,-78437,10672,1068.7
2018.4.17,50240,50540,49820,49980,7772000,-27588,22943,3784,1067
2018.4.16,50320,50600,49860,50340,7877450,12718,-27550,14368,1074
2018.4.13,49600,50180,49400,49800,10278300,44540,-42269,-3094,1069.5
2018.4.12,49440,49440,48880,49000,12466250,31212,5738,-39821,1069.5
2018.4.11,49900,49900,48600,48860,10051100,13138,8076,-20162,1066.3
2018.4.10,48540,49220,48040,48880,10984350,-21361,19910,1509,1066.4
2018.4.9,48260,49440,48200,49200,9950400,-13811,-21212,34172,1067.1
2018.4.6,48000,48580,47400,48400,12532700,-46853,38501,7672,1069.6
2018.4.5,47400,49380,47340,48740,13245600,-6584,-53610,60054,1059.7
2018.4.4,48160,48260,46920,46920,12384200,-55677,102861,-50960,1059.8
2018.4.3,47880,48140,47280,48120,12768250,-44122,63655,-21168,1054.2
2018.4.2,49000,49220,48500,48540,7115650,-38249,52203,-13986,1056.6
2018.3.30,49080,49900,49080,49220,7777100,-32780,11165,17369,1063.5
2018.3.29,48700,49560,48320,49040,10067000,-25393,14714,9898,1065.9
2018.3.28,49100,49100,48340,48700,15159450,-41630,78683,-37456,1070.8
2018.3.27,50320,50460,49080,49980,11874000,-7859,27712,-22541,1070.3
2018.3.26,49420,50280,49040,50280,10057750,-23523,15846,3594,1081.1
2018.3.23,50340,50720,49600,49720,14854950,-41328,75389,-39138,1082.2
2018.3.22,51060,51780,51040,51780,8454100,17861,-31420,15458,1072.7
2018.3.21,51780,51780,51060,51060,8905200,-25865,2378,20929,1072.3
2018.3.20,50700,51200,50100,51200,8193250,-13102,-1994,14018,1068.6
2018.3.19,50620,51340,50440,50740,8218850,-16716,12050,3491,1071.6
2018.3.16,51220,51420,50240,51140,12184900,12447,19768,-30911,1066.2
2018.3.15,52000,52020,51020,51540,8882450,2850,2635,-5767,1065.4
2018.3.14,51020,52000,51000,51760,12713250,11124,-152,-11048,1064.6
2018.3.13,50760,51660,50360,51660,20098700,150091,-133637,-9934,1067.5
2018.3.12,50560,50780,49580,49740,8688950,13869,9126,-24208,1065.2
2018.3.9,49440,50540,49240,49740,14304400,31638,-54519,21956,1069.8
2018.3.8,49200,49480,48080,49200,19463650,27465,-24115,-4050,1070.2
2018.3.7,48200,48900,47220,48620,21427050,120192,-122266,4836,1069.1
2018.3.6,45920,47100,45820,47020,15423350,13808,-41118,28096,1076.1
2018.3.5,45820,46160,45080,45200,14100950,-39273,59282,-22258,1082
2018.3.2,46580,46800,46000,46020,13265500,-55346,92625,-38665,1080.3
2018.2.28,47380,48100,47000,47060,15162350,23763,-770,-23794,1082.8
2018.2.27,48360,48380,47380,47380,9830550,-17075,-2474,19051,1071.3
2018.2.26,47280,47560,47080,47380,9560650,-25869,9577,15787,1073.4
2018.2.23,46760,47800,46760,47220,12423300,-16890,-3329,19805,1079
2018.2.22,47260,47260,46760,46760,8869950,-7014,39267,-33880,1084.3
2018.2.21,47280,47580,46840,47280,12880200,-36435,38385,763,1076.2
2018.2.20,48040,48160,47220,47400,10122600,-9878,35261,-25979,1073.5
2018.2.19,49800,49800,47860,48380,15353450,-22996,16166,4878,1067.6
2018.2.14,48080,49100,47940,49000,18905900,54409,-74053,21977,1077.2
2018.2.13,46200,48060,46200,47540,18923250,64121,-71571,6708,1084.5
2018.2.12,45100,46320,45040,45720,15754950,21360,-10149,-11380,1084.6
2018.2.9,44440,45180,44420,44700,17465000,-34697,58961,-26515,1092.1
2018.2.8,46120,46620,45980,46000,23251050,34062,30793,-66975,1087.9
2018.2.7,48240,48260,45800,45800,23448050,-37548,131622,-96851,1086.6
2018.2.6,46600,47920,46580,47420,19406450,-31934,22014,7216,1091.5
2018.2.5,46500,48320,46000,47920,28357900,-132236,123883,4487,1088.5
2018.2.2,49380,49400,47700,47700,29260350,-181660,233890,-59586,1079.7
2018.2.1,50620,50960,49720,49820,27609450,-85884,128077,-44733,1071.9
2018.1.31,50020,54140,49600,49900,64681300,-238247,272579,-44110,1067.9
2018.1.30,50440,50640,49780,49800,12284550,-40651,65214,-25054,1073.6
2018.1.29,51200,51480,50900,51220,11838800,8769,-26697,17821,1065.6
2018.1.26,50500,50780,49840,50780,10350100,22929,-57449,13355,1063.9
2018.1.25,49220,50360,49160,50260,11160350,14216,-50556,22022,1058.6
2018.1.24,48860,49700,48560,49340,9550500,-20692,-25785,32072,1070.2
2018.1.23,48660,49160,48300,49160,13532700,4204,-22984,3436,1070.2
2018.1.22,48640,48680,47960,48240,12520900,-46944,52192,-24259,1070.1
2018.1.19,50380,50380,49040,49320,9219950,-23737,11710,-6822,1065.9
2018.1.18,50020,50640,49820,49900,14848850,14897,-40738,10972,1070.7
2018.1.17,50020,50020,49060,49620,11053050,5073,90,-21757,1069.3
2018.1.16,48760,50140,48620,50000,20389650,32897,-53566,4638,1062.7
2018.1.15,48800,48980,47920,48540,10096000,10314,-15806,-5601,1062.7
2018.1.12,48240,48480,46760,48200,27270450,-179932,121223,38089,1064.8
2018.1.11,48200,49260,48020,48240,25123800,-85955,94605,-26527,1072
2018.1.10,50500,50520,48640,48840,18566800,-107095,119841,-33519,1071.9
2018.1.9,51460,51720,49980,50400,18013600,-85325,59558,7382,1067.1
2018.1.8,52400,52520,51500,52020,8383650,9060,-8180,-17940,1066
2018.1.5,51300,52120,51200,52120,9481150,9550,-21238,5786,1062.7
2018.1.4,52120,52180,50640,51080,11695450,26643,1098,-39755,1062.2
2018.1.3,52540,52560,51420,51620,10013500,45759,-4517,-47563,1064.5
2018.1.2,51380,51400,50780,51020,8474250,-18019,26088,-23405,1061.2
2017.12.28,49560,50960,49500,50960,8985450,7541,-18033,4516,1070.5
2017.12.27,48960,49560,48460,49360,10743600,-30091,61625,-39076,1074.1
2017.12.26,49760,50100,48200,48200,16039850,994,-109968,98170,1076.1
2017.12.22,49400,49960,49240,49700,11199650,27166,-70729,39951,1079.7
2017.12.21,51000,51060,49100,49140,15624300,-66325,19066,34789,1082.7
2017.12.20,51500,51760,50820,50880,10080550,-63061,-5648,56649,1080.9
2017.12.19,51540,52080,51520,51560,11978600,-14375,-44016,53078,1084.9
2017.12.18,50620,51240,50620,51200,7350250,-18065,-21967,29824,1088.5
2017.12.15,51240,51480,50520,50620,14928550,-53986,16431,24083,1089.8
2017.12.14,51320,52280,51060,51060,20310400,45923,-4520,-52981,1089.1
2017.12.13,52100,52100,51100,51320,11333700,-80565,21757,48101,1090.7
2017.12.12,51820,52100,51660,52100,8765050,17677,-18770,-9084,1092.4
2017.12.11,52000,52040,51500,51780,8125850,-44639,4140,27791,1092.3
2017.12.8,51360,52000,51040,52000,11290450,30024,-38155,3585,1093.3
2017.12.7,50040,50980,50020,50740,11065600,-46607,-14847,56082,1093.5
2017.12.6,51260,51560,50020,50020,10889200,-76054,42831,19677,1093.7
2017.12.5,50600,51300,50280,51260,9326550,-23116,8116,2452,1085.8
2017.12.4,50840,51340,50020,51340,14865050,-22159,19158,-9169,1088.7
2017.12.1,50800,51780,50800,50840,12868600,-56047,26967,18504,1086.4
2017.11.30,50800,51860,50200,50800,29634150,-134664,92635,28136,1088.2
2017.11.29,53200,53240,52500,52600,9590250,-53868,26658,14344,1076.8
2017.11.28,52700,53280,51720,53280,13499400,-36000,8743,14361,1084.4
2017.11.27,55360,55360,52640,52640,18128900,-123294,132438,-22991,1088.6
2017.11.24,55300,55500,55180,55460,4536200,-16380,-4286,8811,1085.4
2017.11.23,55960,55980,55020,55300,6272900,-19016,18513,-12954,1085.4
2017.11.22,55980,56200,55620,55960,7952950,-3498,-14079,13834,1089.1
2017.11.21,55400,55840,55280,55280,10324700,-17218,4819,6802,1095.8
2017.11.20,55900,55980,55200,55200,9472750,-9955,41532,-44004,1100.6
2017.11.17,56400,56880,55820,55820,10733150,66320,-13063,-59497,1097.5
2017.11.16,55440,56000,55400,55780,7640700,15514,50,-20211,1101.4
2017.11.15,55920,56320,55320,55340,8816950,-34849,1044,21029,1112.3
2017.11.14,56380,56740,55920,55920,6725000,-41402,7863,20736,1118.1
2017.11.13,56400,56800,56100,56380,8806650,15247,-10372,-9979,1120.6
2017.11.10,55800,56540,55780,56400,6748800,-11498,-6326,5305,1117.1
2017.11.9,56920,56920,55900,56340,11994050,-19920,20430,-13713,1115.6
2017.11.8,56100,57060,55860,56760,8520200,5942,-10858,-6578,1115.6
2017.11.7,56380,56920,55860,56100,7464550,6510,2622,-20515,1111.9
2017.11.6,56380,56500,55340,56380,9000950,13932,12162,-38364,1115
2017.11.3,57060,57140,55860,56380,9935800,-70889,27834,29961,1113.8
2017.11.2,57500,57520,56760,57060,10721050,9221,3073,-25583,1114.4
2017.11.1,57500,57500,56180,57220,14510250,22083,-40009,4729,1114.5
2017.10.31,54060,55440,53500,55080,13381550,54293,-39879,-10706,1120.3
2017.10.30,53780,54320,53700,54040,8196150,47510,-8027,-35978,1124.6
2017.10.27,52400,53320,52140,53080,7392500,4476,9377,-11000,1130.5
2017.10.26,53720,53900,52400,52400,9776550,-5323,44419,-40186,1124.6
2017.10.25,54040,54420,53700,53900,5882850,19682,10983,-30973,1127.9
2017.10.24,54700,54780,54040,54040,5806050,-10418,8541,1353,1127.4
2017.10.23,54600,54640,54000,54300,8311050,30468,4568,-63065,1130.2
2017.10.20,52800,54100,52800,53840,8027050,29906,-2283,-39735,1131
2017.10.19,54700,54700,52980,52980,12108700,-19892,46171,-46270,1132.4
2017.10.18,54820,55240,54040,54760,10110750,8951,-3285,-23873,1129.9
2017.10.17,54020,55380,54000,54800,10607800,34020,-15898,-35696,1132.5